,EnglishUS,Russian,German,French,Spanish,Polish,Turkish,BrazilianPortugal,Korean,Japanese,ChineseSimp
poq.armor.suffix.resist_blunt.1.tooltip,of Ablative Resistance,Абляционного сопротивления,von Ablative Resistance,de Résistance Ablative,de Resistencia Ablativa,oporu Ablatywnego,Ablatif Direnç,da Resistência Ablativa,의 박탈 저항,の奪取抵抗,的消耗抵抗
poq.armor.suffix.resist_blunt.2.tooltip,of Adaptive Camouflage,Адаптивного камуфляжа,von Adaptivem Camouflage,de Camouflage Adaptative,de Camuflaje Adaptativo,Adaptacyjnego Kamuflażu,Adaptif Kamuflaj,da Camuflagem Adaptativa,의 적응형 위장,のアダプティブカモフラージュ,的自适应伪装
poq.armor.suffix.resist_blunt.3.tooltip,of Kinetic Absorption,Кинетического поглощения,von Kinetischer Absorption,d'Absorption Cinétique,de Absorción Cinética,Absorpcji Kinetycznej,Kinetik Absorpsiyon,da Absorção Cinética,의 운동 에너지 흡수,の運動吸収,的动能吸收
poq.armor.suffix.resist_blunt.4.tooltip,of the Bulwark,Оплота,von der Bastei,du Bastion,del Bastión,Bastionu,Siper,do Bastião,의 방패,のバスティオン,的堡垒
poq.armor.suffix.resist_blunt.5.tooltip,of Imperial Guard,Имперской гвардии,von der Imperialen Garde,de la Garde Impériale,de la Guardia Imperial,Imperialnej Gwardii,İmparatorluk Muhafızı,da Guarda Imperial,의 제국 경비대,のインペリアルガード,的帝国卫队
poq.armor.suffix.resist_pierce.1.tooltip,of Bio-Hazard Containment,Сдерживания биологической опасности,von Biogefahren-Eindämmung,de Contention Biologique,de Contención de Bio-Riesgos,Ograniczenia Zagrożeń Biologicznych,Biyolojik Tehlike Kapsama,do Contenção de Bio-Risco,의 생물 위험 통제,のバイオハザード封じ込め,的生物危害控制
poq.armor.suffix.resist_pierce.2.tooltip,of Armored Might,Бронированной мощи,von Gepanzertem Können,de Puissance Blindée,de Poder Blindado,Zbrojnej Potęgi,Zırhlı Güç,do Poder Blindado,의 장갑의 힘,の装甲力,的装甲力量
poq.armor.suffix.resist_pierce.3.tooltip,of Nanite Repair,Нанитного ремонта,von Naniten-Reparaturen,de Réparation par Nanites,de Reparación por Nanites,Naprawy Nanitowej,Nanite Onarımı,da Reparação de Nanites,의 나노복구,のナノ修復,的纳米修复
poq.armor.suffix.resist_pierce.4.tooltip,of the Crusader,Крестоносца,von den Kreuzfahrern,du Croisé,del Cruzado,Krzyżowca,Haçlı,do Cruzado,의 십자군,のクルセイダー,的十字军
poq.armor.suffix.resist_pierce.5.tooltip,of Phantom Invisibility,Фантомной невидимости,von Phantom-Invisibility,de l'Invisibilité Fantôme,de Invisibilidad Fantasma,Niewidzialności Fantoma,Hayalet Görünmezliği,da Invisibility Fantasmal,의 유령 투명성,のファントム透明性,的幽灵隐形
poq.armor.suffix.resist_lacer.1.tooltip,of Combat Readiness,Боевой готовности,von Kamp readiness,de Préparation au Combat,de Preparación para el Combate,Gotowości do Walki,Savaş Hazırlığı,da Prontidão para Combate,의 전투 준비 태세,の戦闘準備,的战斗准备
poq.armor.suffix.resist_lacer.2.tooltip,of Cyber Security,Кибербезопасности,von Cyber-Sicherheit,de Sécurité Cybernétique,de Seguridad Cibernética,Cyberbezpieczeństwa,Siber Güvenlik,da Segurança Cibernética,의 사이버 보안,のサイバーセキュリティ,的网络安全
poq.armor.suffix.resist_lacer.3.tooltip,of Optimized Combat,Оптимизированного боя,von Optimiertem Kampf,de Combat Optimisé,de Combate Optimizado,Optymalnej Walki,Optimize Edilmiş Savaş,do Combate Otimizado,의 최적화된 전투,の最適化された戦闘,的优化战斗
poq.armor.suffix.resist_lacer.4.tooltip,of the Defender,Защитника,von dem Verteidiger,du Défenseur,del Defensor,Obrońcy,Savunucu,do Defensor,의 수호자,の守護者,的捍卫者
poq.armor.suffix.resist_lacer.5.tooltip,of the Aegis,Эгиды,von der Aegis,de l'Aegis,de la Aegis,Aegis,Aegis,da Égide,의 에이지스,のエイジス,的埃基斯
poq.armor.suffix.resist_fire.1.tooltip,of Composite Integrity,Композитной целостности,von Komposit-Integrität,d'Intégrité Composite,de Integridad Compuesta,Integralności Kompozytowej,Kompozit Bütünlük,da Integridade Composta,의 복합체적 완전성,の複合体の完全性,的复合完整性
poq.armor.suffix.resist_fire.2.tooltip,of Energy Dissipation,Рассеивания энергии,von Energie-Dissipation,de Dissipation d'Énergie,de Disipación de Energía,Dysypacji Energii,Enerji Dağıtımı,da Dissipação de Energia,의 에너지 소산,のエネルギー散逸,的能量耗散
poq.armor.suffix.resist_fire.3.tooltip,of Power Amplification,Усиления мощности,von Leistungs-Ampifizierung,d'Amplification de Puissance,de Amplificación de Potencia,Wzmocnienia Mocy,Güç Artırımı,da Amplificação de Poder,의 힘 증폭,の力の増幅,的功率放大
poq.armor.suffix.resist_fire.4.tooltip,of the Guardian,Стража,von dem Wächter,du Gardien,del Guardián,Strażnika,Koruyucu,do Guardião,의 수호자,のガーディアン,的守护者
poq.armor.suffix.resist_fire.5.tooltip,of the Bastion,Бастиона,von der Bastion,de la Bastion,del Bastión,Bastionu,Bastion,do Bastião,의 요새,のバスチオン,的堡垒
poq.armor.suffix.resist_beam.1.tooltip,of Enhanced Protection,Усиленной защиты,von Verbesserter Schutz,de Protection Améliorée,de Protección Mejorada,Wzmocnionej Ochrony,Geliştirilmiş Koruma,da Proteção Aprimorada,의 향상된 보호,の強化された保護,的增强保护
poq.armor.suffix.resist_beam.2.tooltip,of Exo-Durability,Экзопрочности,von Exo-Durabilität,d'Exo-Durabilité,de Exo-Durabilidad,Exo-Trwałości,Exo-Dayanıklılık,da Exo-Durabilidade,의 외부 내구성,のエクソ耐久性,的外部耐用性
poq.armor.suffix.resist_beam.3.tooltip,of Reactive Plating,Реактивной брони,von Reaktiver Plattierung,de Revêtement Réactif,de Placas Reactivas,Reaktywnych Płytek,Reaktif Kaplama,da Placa Reativa,의 반응성 표면,のリアクティブプレート,的反应装甲
poq.armor.suffix.resist_beam.4.tooltip,of the Warden,Хранителя,von dem Wächter,du Gardien,del Guardián,Stróża,Bekçi,do Guardião,의 워든,のウォーデン,的看守
poq.armor.suffix.resist_beam.5.tooltip,of the Dreadnought,Дредноута,von der Dreadnought,du Dreadnought,del Dreadnought,Dreadnoughtu,Dreadnought,do Dreadnought,의 드레드노트,のドreadnought,的无畏舰
poq.armor.suffix.resist_shock.1.tooltip,of Environmental Sealing,Герметизации окружающей среды,von Umweltversiegelung,de Scellement Environnemental,de Sellado Ambiental,Uszczelnień Środowiskowych,Çevresel mühürleme,da Vedação Ambiental,의 환경 봉인,の環境封じ,的环境密封
poq.armor.suffix.resist_shock.2.tooltip,of Gravitational Shielding,Гравитационного экранирования,von Gravitationsschildung,de Blindage Gravitational,de Blindaje Gravitacional,Osłony Grawitacyjnej,Yer çekimi Kalkanı,do Blindagem Gravitacional,의 중력 방패,の重力シールド,的引力护盾
poq.armor.suffix.resist_shock.3.tooltip,of Sonic Dampening,Звукопоглощения,von Sonic Dämpfung,d'Amortissement Sonique,de Atenuación Sónica,Tłumienia Akustycznego,Ses Dampingi,da Atenuação Sônica,의 소리 억제,の音響減衰,的声波消减
poq.armor.suffix.resist_shock.4.tooltip,of Atlas's Burden,Бремени Атласа,von Atlas' Last,du Fardeau d'Atlas,de la Carga de Atlas,Brzemienia Atlasa,Atlas'ın Yükü,do Fardo de Atlas,의 아틀라스의 짐,のアトラスの負担,的阿特拉斯的重担
poq.armor.suffix.resist_shock.5.tooltip,of the Indomitable,Несокрушимого,von dem Unbezwingbaren,de l'Indomptable,del Indomable,Niezłomnego,Yenilmez,do Indomável,의 굴하지 않는,の不屈の,的不可征服
poq.armor.suffix.resist_poison.1.tooltip,of Fortification,Фортификации,von Fortifikation,de Fortification,de Fortificación,Umocnienia,Tahkimat,da Fortificação,의 요새화,の強化,的加强
poq.armor.suffix.resist_poison.2.tooltip,of Infiltrator,Инфильтратора,von Infiltrator,d'Infiltrateur,de Infiltrador,Infiltratora,Sızma,do Infiltrador,의 침투자,のインフィルトレーター,的渗透者
poq.armor.suffix.resist_poison.3.tooltip,of Stealth Operations,Скрытных операций,von Tarnoperationen,d'Opérations de Discrétion,de Operaciones de Sigilo,Operacji Stealth,Gizlilik Operasyonları,das Operações de Sombra,의 은신 작업,のステルス作戦,的隐蔽行动
poq.armor.suffix.resist_poison.4.tooltip,of Colossal Strength,Колоссальной силы,von Kolossaler Stärke,de Force Colossale,de Fuerza Colosal,Kolosalnej Siły,Koca Güç,da Força Colossal,의 거대한 힘,のコロッサルストレングス,的巨力
poq.armor.suffix.resist_poison.5.tooltip,of the Juggernaut,Джаггернаута,von dem Juggernaut,du Juggernaut,del Juggernaut,Juggernauta,Juggernaut,do Juggernaut,의 저거너트,のジャガーノート,的巨大角色
poq.armor.suffix.resist_cold.1.tooltip,of Hazmat Safeguard,Защиты от опасных материалов,von Hazmat-Schutz,de Protection Hazmat,de Protección Hazmat,Ochrony Hazardowej,Tehlikeli Madde Koruması,da Proteção Hazmat,의 해저드 매트릭스 보호,のハザマット安全,的危害物质防护
poq.armor.suffix.resist_cold.2.tooltip,of Ironclad Will,Железной воли,von Eiserner Willenskraft,de Volonté de Fer,de Voluntad de Hierro,Żelaznej Woli,Demir irade,da Vontade Inabalável,의 꺾이지 않는 의지,のアイアンワークス,的坚定意志
poq.armor.suffix.resist_cold.3.tooltip,of Tactical Superiority,Тактического превосходства,von Taktischer Überlegenheit,de Supériorité Tactique,de Superioridad Táctica,Doskonałości Taktycznej,Taktiksel Üstünlük,da Superioridade Tática,의 전술적 우위,の戦術的優位性,的战术优势
poq.armor.suffix.resist_cold.4.tooltip,of Hyper-Density,Гиперплотности,von Hyper-Dichte,d'Hypers densité,de Hiper-Densidad,Hiper-Gęstości,Hiper-Densite,da Hiper-Densidade,의 초밀도,のハイパー密度,的超密度
poq.armor.suffix.resist_cold.5.tooltip,of the Last Stand,Последнего рубежа,von dem Letzten Widerstand,de la Dernière Position,de la Última Batalla,Ostatecznego Stoiska,Son Direniş,do Último Resistir,의 마지막 저항,の最後の抵抗,的最后据守
poq.armor.suffix.weight.1.tooltip,of the Aero-Frame,Аэрокаркаса,von dem Aero-Rahmen,du Cadre Aéro,del Aero-Cuerpo,Aero-Ramy,Aero-Kasa,do Aero-Quadro,의 항공 프레임,のエアロフレーム,的航空框架
poq.armor.suffix.weight.2.tooltip,of the Synthweave,Синтплетения,von der Synthweave,du Synthweave,del Tejido Sintético,Synthweave,Sentetik Doku,do Synthweave,의 신스위브,のシンセウェブ,的合成织物
poq.armor.suffix.weight.3.tooltip,of the Grav-Reduced,Пониженной гравитации,von dem Grav-Reduziert,du Préférentiel à la Gravité,del Gravitatorio Reducido,Zredukowanego Grawitacyjnie,Yer çekimini Azaltılmış,do Grav-Reduzido,의 중력 감소,の重力軽減,的引力减弱
poq.armor.suffix.weight.4.tooltip,of the Quantum-Light,Квантовой легкости,von dem Quantum-Light,de la Lumière Quantique,de la Luz Cuántica,Kwantowego Światła,Quantum Light,da Luz Quântica,의 양자빛,の量子光,的量子光
poq.armor.suffix.weight.5.tooltip,of the Void-Step,Пустотного шага,von dem Void-Step,du Pas du Vide,del Paso del Vacío,Kroku Pustki,Boşluk Adımı,do Passo do Vazio,의 텅 빈 단계,のヴォイドステップ,的空虚步伐
poq.armor.suffix.max_durability.1.tooltip,of the Reinforced Plate,Усиленной пластины,von der Verstärkten Platte,de la Plaque Renforcée,de la Placa Reforzada,Wzmocnionej Płyty,Güçlendirilmiş Plaka,da Placa Reforçada,의 강화된 판,の補強プレート,的加固板
poq.armor.suffix.max_durability.2.tooltip,of the Impact-Hardened,Ударопрочности,von der Impact-Härte,de la Résistance aux Chocs,del Endurecido por Impacto,Utwardzonego Uderzeniem,Darbe Sertleşmiş,do Duro Impacto,의 강한 충격,の耐衝撃性,的抗冲击性
poq.armor.suffix.max_durability.3.tooltip,of the Molecular Bond,Молекулярной связи,von dem Molekular-Bind,de Liaison Moléculaire,del Vínculo Molecular,Wiązania Molekularnego,Moleküler Bağ,da Ligação Molecular,의 분자 결합,の分子結合,的分子键
poq.armor.suffix.max_durability.4.tooltip,of the Neutron-Forged,Нейтронной ковки,von dem Neutron-Geschmiedet,du Forgé par Neutrons,del Forjado por Neutrones,Wykutego przez Neutrony,Nötron-Dökülen,do Neutrão Forjado,의 중성자 포지션,の中性子硬化,的中子锻造
poq.armor.suffix.max_durability.5.tooltip,of the Stellar Core,Звездного ядра,von dem Stellar-Kern,du Noyau Stellaire,del Núcleo Estelar,Stelarnego Rdzenia,Yıldız Çekirdeği,do Núcleo Estelar,의 별의 핵,の恒星コア,的恒星核心
poq.weapon.suffix.weight.1.tooltip,of the Balanced Grip,Сбалансированного хвата,von der Ausgeglichenen Griff,de Prise Équilibrée,del Agarre Equilibrado,Zrównoważonego Chwytu,Denge Gribi,da Empunhadura Equilibrada,의 균형 잡힌 그립,のバランスグリップ,的平衡握持
poq.weapon.suffix.weight.2.tooltip,of the Ergonomic Frame,Эргономичного каркаса,von dem Ergonomischen Rahmen,du Cadre Ergonomique,del Marco Ergonómico,Ergonomicznej Ramy,Ergonomik Çerçeve,da Estrutura Ergonômica,의 인체공학 구조,のエルゴノミックフレーム,的符合人体工程学的框架
poq.weapon.suffix.weight.3.tooltip,of the Zero-G Alloy,Нуль-Г сплава,von der Null-G-Aluminium,d'Alliage Zéro-G,de la Aleación de Gravedad Cero,Stopu Zero-G,Zero-G Alaşımı,da Liga Zero-G,의 제로-G 합금,のゼロG合金,的零重力合金
poq.weapon.suffix.weight.4.tooltip,of the Phantom Touch,Фантомного касания,von dem Phantom-Berührung,du Contact Fantôme,del Toque Fantasma,Dotyku Fantoma,Hayalet Teması,do Toque Fantasma,의 유령 같은 터치,のファントムタッチ,的幽灵触感
poq.weapon.suffix.weight.5.tooltip,of the Void-Drift,Дрейфа Пустоты,von dem Void-Drift,de Dérive du Vide,de la Deriva del Vacío,Dryfu Pustki,Boşluk Sörfü,do Vazio-Passeio,의 공허 이동,のボイドドリフト,的虚空漂流
poq.weapon.suffix.max_durability.1.tooltip,of the Adamant Core,Адамантового ядра,von dem Adamant-Kern,du Noyau Adamantin,del Núcleo Adamantino,Adamantowego Rdzenia,Kırılmaz Çekirdek,do Núcleo Adamante,의 아다만타이트 핵,のアダマンティウムコア,的坚固核心
poq.weapon.suffix.max_durability.2.tooltip,of the Resilient Matrix,Эластичной матрицы,von der Resilienten Matrix,de Matrice Résiliente,de la Matriz Resiliente,Odpornej Matrycy,Dayanıklı Matris,da Matriz Resiliente,의 복원력 거듭남,のレジリエントマトリックス,的弹性矩阵
poq.weapon.suffix.max_durability.3.tooltip,of the Plasma-Sealed,Плазменной герметизации,von dem Plasma-Dicht,de Scellage Plasma,de Sellado de Plasma,Plazmowego Uszczelnienia,Plazma Mühürlü,do Selado de Plasma,의 플라즈마 밀폐,のプラズマシール,的等离子体密封
poq.weapon.suffix.max_durability.4.tooltip,of the Chronal Weave,Хронального плетения,von der Chronal-Weave,de Tissage Chronal,del Tejido Cronal,Wytwarzania Chronalnego,Zamansal Dokuma,da Tecido Cronal,의 크로날 직물,のクロノルール,的时间织物
poq.weapon.suffix.max_durability.5.tooltip,of the Aetheric Shell,Эфирной оболочки,von der Ätherischen Schale,de Coquille Éthérique,de la Concha Etérica,Aetherycznej Powłoki,Eterik Kabuk,da Casca Aérea,의 에테르 껍데기,のエーテリックシェル,的以太壳
poq.weapon.suffix.damage.1.tooltip,of Calibrated Force,Калиброванной силы,von Kalibrierten Kraft,de Force Calibrée,de Fuerza Calibrada,Skalibrowanej Siły,Kalibre Edilmiş Güç,da Força Calibrada,의 칼리브레이트 힘,のキャリブレーション,的校准力量
poq.weapon.suffix.damage.2.tooltip,of Armor Penetration,Бронепробития,von Rüstungsdurchdringung,de Pénétration d'Armure,de Penetración de Armadura,Penetracji Pancerza,Zırh Penetrasyonu,da Penetração de Armaduras,의 방어구 관통,のアーマーペネトレーション,的装甲穿透
poq.weapon.suffix.damage.3.tooltip,of High Impact,Мощного удара,von Hoher Wirkung,d'Impact Élevé,de Alto Impacto,Wysokiego Uderzenia,Yüksek Etki,do Alto Impacto,의 높은 충격,の高衝撃,的高冲击
poq.weapon.suffix.damage.4.tooltip,of Devastating Force,Разрушительной силы,von Verheerender Kraft,de Force Dévastatrice,de Fuerza Devastadora,Rujnującej Siły,Yıkıcı Güç,da Força Devastadora,의 재앙의 힘,の壊滅的な力,的毁灭力量
poq.weapon.suffix.damage.5.tooltip,of Annihilation,Аннигиляции,von Vernichtung,d'Annihilation,de Aniquilación,Anihilacji,Yok Olma,da Aniquilação,의 전멸,の完全破壊,的消灭
poq.weapon.suffix.crit_damage.1.tooltip,of Basic Overload,Базовой перегрузки,von Grundüberlastung,de Surcharge de Base,de Sobrecarga Básica,Podstawowego Przeładowania,Temel Aşırı Yük,do Sobrecarga Básica,의 기본 과부하,の基本オーバーロード,的基本过载
poq.weapon.suffix.crit_damage.2.tooltip,of Critical Overload,Критической перегрузки,von Kritischer Überlastung,de Surcharge Critique,de Sobrecarga Crítica,Krytycznej Przeładowania,Kritik Aşırı Yük,da Sobrecarga Crítica,의 치명적인 과부하,のクリティカルオーバーロード,的临界过载
poq.weapon.suffix.crit_damage.3.tooltip,of Critical Mass,Критической массы,von Kritischer Masse,de Masse Critique,de Masa Crítica,Krytycznej Masie,Kritik Kütle,da Massa Crítica,의 임계 질량,のクリティカルマス,的临界质量
poq.weapon.suffix.crit_damage.4.tooltip,of Precision Strike,Точного удара,von Präzisionsschlag,de Frappe de Précision,de Golpe de Precisión,Precyzyjnego Uderzenia,Hassas Vuruş,do Golpe de Precisão,의 정밀 스트라이크,の精密打撃,的精准打击
poq.weapon.suffix.crit_damage.5.tooltip,of Lethal Strike,Смертельного удара,von Tödlichem Schlag,de Frappe Mortelle,de Golpe Letal,Śmiertelnego Uderzenia,Ölümcül Vuruş,do Golpe Letal,의 치명적 스트라이크,の致命的打撃,的致命一击
poq.weapon.suffix.accuracy.1.tooltip,of Targeting Assist,Помощи в прицеливании,von Zielhilfe,d'Assistance de Ciblage,de Asistencia de Apuntado,Pomocy w Celu,Hedefleme Yardımı,da Assistência de Alvo,의 목표 보조,のターゲティングアシスト,的目标辅助
poq.weapon.suffix.accuracy.2.tooltip,of Predictive Algorithms,Предиктивных алгоритмов,von Vorhersage-Algorithmen,d'Algorithmes Prédictifs,de Algoritmos Predictivos,Algorytmów Predykcyjnych,Öngörücü Algoritmalar,dos Algoritmos Preditivos,의 예측 알고리즘,の予測アルゴリズム,的预测算法
poq.weapon.suffix.accuracy.3.tooltip,of Gyro-Stabilization,Гиростабилизации,von Gyro-Stabilisierung,de Gyro-Stabilisation,de Giroscopio de Estabilización,Stabilizacji Żyroskopowej,Jiroskopik Stabilizasyon,da Estabilização Giroscópica,의 자이로 안정성,のジャイロ安定,的陀螺稳定
poq.weapon.suffix.accuracy.4.tooltip,of Guided Trajectory,Управляемой траектории,von Geführter Trajektorie,de Trajectoire Guidée,de Trayectoria Guiada,Kierowanej Trajektorii,Rehberli Yörünge,da Trajetória Guiada,의 유도 궤적,の誘導弾道,的引导轨迹
poq.weapon.suffix.accuracy.5.tooltip,of Near-Absolute Aim,Почти абсолютной точности,von Nahezu-Absolute Zielgenauigkeit,d'Aimant Pratiquement Absolu,de Apuntado Casi Absoluto,Prawie Absolutnego Celowania,Neredeyse Mutlak Hedefleme,da Mira Quase Absoluta,의 거의 절대 조준,のほぼ絶対的な目標,的近乎绝对瞄准
poq.weapon.suffix.scatter_angle.1.tooltip,of Wide Dispersion,Широкого рассеивания,von Breiter Verteilung,de Large Dispersion,de Dispersión Amplia,Szerokiej Dyspozycji,Geniş Dağıtım,da Ampla Dispensão,의 넓은 분산,の広範な分散,的广泛分散
poq.weapon.suffix.scatter_angle.2.tooltip,of Controlled Spread,Контролируемого рассеивания,von Kontrollierter Ausbreitung,de Répartition Contrôlée,de Distribución Controlada,Kontrolowanego Rozprzestrzenienia,Kontrollü Yayılma,da Difusão Controlada,의 제어된 확산,の制御された拡散,的受控扩散
poq.weapon.suffix.scatter_angle.3.tooltip,of Tight Grouping,Кучности,von Engem Gruppieren,de Regroupement Serré,de Agrupamiento Compacto,Zbytecznego Gromadzenia,Sıkı Gruplama,do Agrupamento Apertado,의 긴밀한 그룹,のタイトグルーピング,的紧密分组
poq.weapon.suffix.scatter_angle.4.tooltip,of Focused Emission,Фокусированной эмиссии,von Fokussierter Emission,d'Émission Focalisée,de Emisión Focalizada,Skupionej Emisji,Odaklanmış Emisyon,da Emissão Focada,의 집중 배출,の集中排出,的聚焦排放
poq.weapon.suffix.scatter_angle.5.tooltip,of Pinpoint Convergence,Точечной конвергенции,von Punktgenauer Konvergenz,de Convergence Précise,de Convergencia Precisa,Precyzyjnej Konwergencji,Nokta Konverjansı,da Convergência Precisa,의 정확한 집합,のピンポイント収束,的精确汇聚
poq.weapon.suffix.reload_duration.1.tooltip,of Quick-Load,Быстрой перезарядки,von Schnellladung,de Chargement Rapide,de Carga Rápida,Szybkiego Ładowania,Hızlı Yükleme,do Rápido-Carregamento,의 빠른 장전,のクイックロード,的快速装填
poq.weapon.suffix.reload_duration.2.tooltip,of Tactical Reload,Тактической перезарядки,von Taktischer Nachladung,de Rechargement Tactique,de Recarga Táctica,Taktycznego Przeładowania,Taktiksel Yenileme,do Recarga Tática,의 전술적 재장전,のタクティカルリロード,的战术换弹
poq.weapon.suffix.reload_duration.3.tooltip,of Speed Loader,Ускорителя заряжания,von Geschwindigkeits-Lader,de Chargeur Rapide,de Cargador de Alta Velocidad,Ładowania Szybkostrzelnego,Hızlı Yükleyici,do Carregador Rápido,의 스피드 로더,のスピードローダー,的快速装填机
poq.weapon.suffix.reload_duration.4.tooltip,of Rapid Cycling,Быстрого цикла,von Schneller Durchlauf,de Cycle Rapide,de Ciclo Rápido,Szybkiej Cykliczności,Hızlı Döngü,do Ciclo Rápido,의 빠른 주기,のラピッドサイクリング,的快速循环
poq.weapon.suffix.reload_duration.5.tooltip,of Instantaneous Refill,Мгновенного пополнения,von Sofortiger Nachfüllung,de Remplissage Instantané,de Relleno Instantáneo,Natychmiastowego Uzupełnienia,Anında Yenileme,do Reabastecimento Instantâneo,의 즉각적인 재공급,の瞬時給油,的瞬时补给
poq.weapon.suffix.magazine_capacity.1.tooltip,of Enhanced Ammunition,Улучшенных боеприпасов,von Verbesserter Munition,de Munitions Améliorées,de Municiones Mejoradas,Ulepszonej Amunicji,Geliştirilmiş Mühimmat,da Munição Aprimorada,의 개선된 탄약,の強化弾薬,的增强弹药
poq.weapon.suffix.magazine_capacity.2.tooltip,of Dense Payload,Плотного заряда,von Dichtem Payload,de Chargement Dense,de Carga Densa,Gęstej Ładunku,Yoğun Yük,da Carga Densa,의 높은 밀도의 화물,の密なペイロード,的高密度载荷
poq.weapon.suffix.magazine_capacity.3.tooltip,of High-Capacity,Высокой емкости,von Hochkapazität,de Haute Capacité,de Alta Capacidad,Wysokiej Pojemności,Yüksek Kapasiteli,da Alta Capacidade,의 높은 용량,のハイキャパシティ,的高容量
poq.weapon.suffix.magazine_capacity.4.tooltip,of the Drum Magazine,Барабанного магазина,von dem Trommelmagazin,du Chargeur Tambour,del Cargador de Tambor,Magazynu Bębnowego,Makaralı Şarjör,do Carregador de Tambor,의 드럼 탄약,のドラムマガジン,的弹鼓
poq.weapon.suffix.magazine_capacity.5.tooltip,of Infinite Reserves,Бесконечных запасов,von Unendlichen Reserven,de Réserves Infinies,de Reservas Infinitas,Nieskończonych Zapasów,Sonsuz Stok,das Reservas Infinitas,의 무한한 저장,の無限貯蔵,的无限储备
poq.weapon.suffix.special_ability.1.tooltip,of the Enforcer,Карателя,von dem Vollstrecker,de l'Enforcer,del Ejecutor,Egzekutora,Uygulayıcı,do Executor,의 집행자,の執行者,的执行者
poq.weapon.suffix.special_ability.2.tooltip,of the Hunter,Охотника,von dem Jäger,du Chasseur,del Cazador,Łowcy,Avcı,do Caçador,의 헌터,のハンター,的猎人
poq.weapon.suffix.special_ability.3.tooltip,of the Killer,Убийцы,von dem Killer,du Tueur,del Asesino,Zabójcy,Katil,do Matador,의 킬러,のキラー,的杀手
poq.weapon.suffix.special_ability.4.tooltip,of the Predator,Хищника,von dem Raubtier,du Prédateur,del Depredador,Drapieżnika,Yırtıcı,do Predator,의 포식자,のプレデター,的掠食者
poq.weapon.suffix.special_ability.5.tooltip,of Omega Protocol,Протокола Омега,von dem Omega-Protokoll,du Protocole Oméga,del Protocolo Omega,Protokołu Omegi,Omega Protokolü,do Protocolo Ômega,의 오메가 프로토콜,のオメガプロトコル,的欧米伽协议
poq.armor.prefix.1.cloth.tooltip,Worn,Изношенный,Abgenutzt,Usé,Usado,Zużyty,Eskimiş,Usado,닳은,擦り切れた,磨损的
poq.armor.prefix.2.cloth.tooltip,Bio-Hazard,Биологическая угроза,Biogefährdung,Risque biologique,Peligro biológico,Zagrożenie biologiczne,Biyolojik tehlike,Perigo biológico,바이오 위험,生物危険,生物危害
poq.armor.prefix.3.cloth.tooltip,Silkbound,Связанный шелком,Seidengebunden,Lié de soie,Atado con seda,Związany jedwabiem,İpekle bağlanmış,Amarrado em seda,실로 묶인,絹で結ばれた,丝绸系的
poq.armor.prefix.4.cloth.tooltip,Shadow-Embraced,Обнятый тенью,Schattenumarmt,Étreint par l'ombre,Abrigado por la sombra,Objęty cieniem,Gölgeye sarılmış,Abraçado pela sombra,그림자에 안긴,影に抱かれた,被阴影拥抱的
poq.armor.prefix.5.cloth.tooltip,The Drifter's Cloak,Плащ Бродяги,Der Umhang des Herumtreibers,Le manteau du vagabond,La capa del errante,Płaszcz Wędrowca,Göçebe'nin Pelerini,A capa do errante,방랑자의 망토,流浪者のマント,漂泊者的斗篷
poq.armor.prefix.1.heavy_armor.tooltip,Dented,Вмятый,Eingedellt,Bosselé,Abollado,Wgnieciony,Çökük,Amassado,움푹 패인,凹んだ,凹陷的
poq.armor.prefix.2.heavy_armor.tooltip,Cracked,Трещина,Rissig,Fissuré,Agrietado,Pęknięty,Çatlak,Rachado,금이 간,亀裂が入った,有裂缝的
poq.armor.prefix.3.heavy_armor.tooltip,Battle-worn,Боевой износ,Kampfgebeutzt,Éprouvé par la bataille,Gastado por la batalla,Zużyty w walce,Savaşta kullanılmış,Gasto pela batalha,전투로 닳은,戦闘で傷んだ,战斗磨损的
poq.armor.prefix.4.heavy_armor.tooltip,Reinforced,Укрепленный,Verstärkt,Renforcé,Reforzado,Wzmocniony,Takviye edilmiş,Reforçado,강화된,強化された,加固的
poq.armor.prefix.5.heavy_armor.tooltip,Forged-in-Hellfire,Кованный в адском огне,Geschmiedet im Höllenfeuer,Forgé dans le feu de l'enfer,Forjado en fuego infernal,Wykuwany w piekielnym ogniu,Cehennem ateşinde dövülmüş,Forjado no fogo do inferno,지옥의 불 속에서 단조된,地獄の火で鍛えた,在地狱烈火中锻造的
poq.armor.prefix.1.light_armor.tooltip,Swift,Быстрый,Schnell,Rapide,Rápido,Szybki,Hızlı,Rápido,빠른,迅速な,迅速的
poq.armor.prefix.2.light_armor.tooltip,Ender,Завершитель,Beender,Fendeur,Acabador,Kończący,Sonlandırıcı,Acabador,끝내는 자,終わらせる者,结束者
poq.armor.prefix.3.light_armor.tooltip,Combat-Ready,Готов к бою,Kampferprobt,Prêt au combat,Listo para combate,Gotowy do walki,Savaşa hazır,Pronto para combate,전투 준비 완료,戦闘準備完了,准备战斗的
poq.armor.prefix.4.light_armor.tooltip,Ember-Woven,Сшитый из углей,Glutgewebt,Tissé de braises,Tejido de brasas,Tkaniny ogników,Kızgın ateşten dokunmuş,Tecido de brasas,불꽃으로 짠,炎で織られた,灰烬编织的
poq.armor.prefix.5.light_armor.tooltip,The Skyfire's Grace,Благодать Небесного Огня,Die Anmut des Himmelsfeuers,La grâce du feu céleste,La gracia del fuego celeste,Łaska Niebieskiego Ognia,Gökyüzü ateşinin zarafeti,A graça do fogo celeste,하늘의 불꽃의 은총,空の炎の優雅さ,天空之火的优雅
poq.armor.prefix.1.medium_armor.tooltip,Resilient,Устойчивый,Widerstandsfähig,Résilient,Resiliente,Odporny,Dayanıklı,Resiliente,회복력 있는,回復力のある,韧性的
poq.armor.prefix.2.medium_armor.tooltip,Salvaged,Спасённый,Geborgen,Sauvé,Recuperado,Ocalały,Kurtarılmış,Recuperado,구출된,救出された,拯救的
poq.armor.prefix.3.medium_armor.tooltip,Stormforged,Кованный в буре,Sturmgeschmiedet,Forgé dans la tempête,Forjado en tormenta,Kurowany w burzy,Fırtınada dövülmüş,Forjado na tempestade,폭풍 속에서 단조된,嵐で鍛えた,风暴锻造的
poq.armor.prefix.4.medium_armor.tooltip,Thunder-Linked,Соединённый с громом,Mit Donner verbunden,Lien avec le tonnerre,Vinculado al trueno,Połączony z piorunem,Gök gürültüsüne bağlı,Vinculado ao trovão,천둥과 연결된,雷と結びついた,雷声相连的
poq.armor.prefix.5.medium_armor.tooltip,The Hollow Bastion's Legacy,Наследие Пустой Бастилии,Das Erbe der Hohlbastion,L'héritage de la bastion creux,El legado de la bastión hueco,Dziedzictwo Pustej Bastionu,Boş Siper'in Mirası,O legado da bastião oca,공허의 요새의 유산,空の砦の遺産,空心碉堡的遗产
poq.armor.prefix.1.power_armor.tooltip,Sharded,Разбитый,Gesplittert,Éclaté,Fragmentado,Rozbity,Parçalanmış,Fragmentado,조각난,破片がある,破碎的
poq.armor.prefix.2.power_armor.tooltip,Coreweave,Ядровое переплетение,Kerngewebe,Tissage de noyau,Tejido central,Tkactwo rdzenia,Çekirdek dokuma,Tecido central,핵직물,コア織り,核织
poq.armor.prefix.3.power_armor.tooltip,Solarmend,Солнечное исцеление,Sonnenheilung,Guérison solaire,Sanación solar,Uzdrawianie słoneczne,Güneş iyileştirmesi,Sarcófago solar,태양 치료,太陽治療,太阳疗愈
poq.armor.prefix.4.power_armor.tooltip,Plasma-Touched,Затронутый плазмой,Plasmakontakt,Touché par le plasma,Tocado por plasma,Dotknięty plazmą,Plazma ile temas etmiş,Tocado por plasma,플라즈마에 닿은,プラズマに触れた,触及等离子的
poq.armor.prefix.5.power_armor.tooltip,Prototype-Adamantium,Прототип-адамант,Prototyp-Adamantium,Prototype-Adamantium,Prototipo-de-Adamantium,Prototyp-Adamantium,Prototip-Adamantium,Protótipo de adamantium,프로토타입 아다만티움,プロトタイプアダマンチウム,原型亚当
poq.weapon.prefix.1.industrial.tooltip,Shredder,Резак,Zerschneider,Déchireur,Desgarrador,Rozdzieracz,Parçalayıcı,Destruidor,파괴기,裂け目,剪切者
poq.weapon.prefix.1.firearm.tooltip,Overpressure,Избыточное давление,Überdruck,Surpression,Sobrecarga,Nadciśniony,Aşırı Basınç,Sobrecarga,과압,過圧,超压
poq.weapon.prefix.1.rail.tooltip,Resonant,Резонирующий,Resonant,Résonnant,Resonante,Rezonansowy,Yankı,Resonante,공명하는,共鳴する,共鸣
poq.weapon.prefix.1.laser.tooltip,Focused,Сфокусированный,Fokussiert,Focalisé,Enfocado,Skoncentrowany,Odaklanmış,Focalizado,집중된,集中した,集中
poq.weapon.prefix.1.toxic.tooltip,Venenous,Ядовитый,Giftig,Vénéneux,Venenoso,Trujący,Zehirli,Venenoso,독성을 가진,毒のある,有毒的
poq.weapon.prefix.1.plasma.tooltip,Flare,Вспышка,Signalfeuer,Éclair,Destello,Zespół,Işık Patlaması,Sinalizador,불꽃,フレア,闪光
poq.weapon.prefix.1.quasi.tooltip,Filament,Нить,Faden,Filament,Filamento,Włókno,İplik,Filamento,필라멘트,繊維,细丝
poq.weapon.prefix.1.coldgun.tooltip,Frostbite,Ушиб,Erfrierung,Gelure,Congelamiento,Odmrożenie,Donma,Congelante,동상,凍傷,冻伤
poq.weapon.prefix.1.electric.tooltip,Shortcircuited,Короткое замыкание,Kurzgeschlossen,Court-circuité,Cortocircuitado,Krótkie spięcie,Kısa Devre Yapmış,Em Curto,단락된,短絡した,短路
poq.weapon.prefix.1.entropic.tooltip,Void,Пустота,Leere,Vide,Vacío,Pustka,Boşluk,Vazio,공허,虚無,虚空
poq.weapon.prefix.1.launcher.tooltip,Breach,Нарушение,Verstoß,Brèche,Brecha,Naruszenie,Açık Yer,Brecha,돌파구,侵入,突破
poq.weapon.prefix.2.industrial.tooltip,Ironclad,Железный,Eisenhart,Cuirassé,Acorazado,Żelazny,Demir Gibi Sağlam,Inabalável,철갑의,鉄製の,铁甲的
poq.weapon.prefix.2.firearm.tooltip,Suppressed,Подавленный,Unterdrückt,Suppressé,Suprimido,Tłumiony,Bastırılmış,Suprimido,억제된,抑制された,压制
poq.weapon.prefix.2.rail.tooltip,Magnetic,Магнитный,Magnetisch,Magnétique,Magnético,Magnetyczny,Manyetik,Magnético,자성의,磁気の,磁性的
poq.weapon.prefix.2.laser.tooltip,Refracted,Преломлённый,Brechend,Réfracté,Refractado,Refrakcyjny,Kırılmış,Refratado,굴절된,屈折した,折射
poq.weapon.prefix.2.toxic.tooltip,Contagion,Зараза,Ansteckung,Contagion,Contagio,Zakażenie,Bulaşıcı,Contágio,전염,感染,传染
poq.weapon.prefix.2.plasma.tooltip,Overheated,Перегретый,Überhitzt,Surchauffé,Sobrecalentado,Przegrzany,Aşırı Isınmış,Superaquecido,과열된,過熱された,过热
poq.weapon.prefix.2.quasi.tooltip,Intangible,Нереальный,Immateriell,Intangible,Intangible,Nienamacalny,Somut Olmayan,Intangível,무형의,無形の,无形的
poq.weapon.prefix.2.coldgun.tooltip,Icereaver,Ледяной резак,Eisschneider,Brise-glace,Rompehielos,Lodołamacz,Buz Yırtıcı,Quebra-gelo,얼음 파괴자,氷の破壊者,冰裂者
poq.weapon.prefix.2.electric.tooltip,Overcharged,Переполненный,Überladen,Surcharge,Sobrecargado,Nadładowany,Aşırı Yüklenmiş,Sobrecarga,과충전된,過充電された,过载
poq.weapon.prefix.2.entropic.tooltip,Pulsar,Пульсар,Pulsar,Pulsar,Pulsar,Pulsar,Pulsar,Pulsar,펄사,パルサー,脉冲星
poq.weapon.prefix.2.launcher.tooltip,Projectile,Снаряд,Geschoss,Projectile,Proyecto,Pocisk,Mermi,Projétil,투사체,弾丸,弹丸
poq.weapon.prefix.3.industrial.tooltip,Forgebeast,Кузнечное чудовище,Schmiedebestie,Bête forge,Bestia forjada,Potwór z kuźni,Dövme Canavarı,Besta Forjada,제련 괴물,鍛冶獣,锻造兽
poq.weapon.prefix.3.firearm.tooltip,Smokeclaw,Дымчатый коготь,Rauchkrallen,Griffe de fumée,Garra de humo,Dymna pazur,Duman Pençesi,Garra de Fumaça,연기 발톱,煙の爪,烟爪
poq.weapon.prefix.3.rail.tooltip,Hyper-Velocity,Гиперскорость,Hypergeschwindigkeit,Hyper-vitesse,Hiper-velocidad,Hyper-prędkość,Süper Hız,Hiper-Velocidade,초고속,超速度,超高速
poq.weapon.prefix.3.laser.tooltip,Beam Core,Ядро луча,Strahlkern,Cœur de faisceau,Núcleo del haz,Rdzeń wiązki,Işın Çekirdeği,Núcleo de Feixe,빔 핵,ビームのコア,射线核心
poq.weapon.prefix.3.toxic.tooltip,Plague,Чума,Plage,Peste,Plaga,Plaga,Veba,Praga,역병,疫病,瘟疫
poq.weapon.prefix.3.plasma.tooltip,Scorched,Обожжённый,Versengt,Calciné,Quemado,Spalony,Yanmış,Queimado,타버린,焼けた,灼烧
poq.weapon.prefix.3.quasi.tooltip,Ethereal,Эфирный,Ethereal,Éthéré,Etéreo,Eteryczny,Etherik,Etéreo,에테리얼,エーテリアルな,虚无的
poq.weapon.prefix.3.coldgun.tooltip,Cryosurge,Ледяной всплеск,Kryovorschub,Cryosurge,Cryosurge,Kryoskurcz,Dondurucu Patlama,Surto de Gelo,냉각 파동,凍結の衝撃,冰霜激增
poq.weapon.prefix.3.electric.tooltip,Shocking,Шокирующий,Schockierend,Choquant,Impactante,Szokujący,Şok Edici,Chocante,충격적인,衝撃的な,震撼的
poq.weapon.prefix.3.entropic.tooltip,Gravitonic,Гравитонный,Gravitonisch,Gravitonique,Gravitónico,Gravitonowy,Yerçekimsel,Gravitônico,중력의,重力の,引力的
poq.weapon.prefix.3.launcher.tooltip,Explosive,Взрывчатый,Explosiv,Explosif,Explosivo,Eksplozjowy,Patlayıcı,Explosivo,폭발성의,爆発性,爆炸的
poq.weapon.prefix.4.industrial.tooltip,Molten Drill,Расплавленный бур,Geschmolzener Bohrer,Foreuse fondue,Taladro fundido,Cieplny wiertło,Erimiş Matkap,Broca Derretida,녹은 드릴,溶融ドリル,熔化钻头
poq.weapon.prefix.4.firearm.tooltip,Devastator,Разрушитель,Verwüster,Dévastateur,Devastador,Dewastator,Yıkıcı,Devastador,대파괴자,破壊者,毁灭者
poq.weapon.prefix.4.rail.tooltip,Kinetic-Burst,Кинетический взрыв,Kinetischer Ausbruch,Éclat cinétique,Explosión cinética,Eksplozja kinetyczna,Kinetik Patlama,Explosão Cinética,운동에너지 폭발,運動エネルギー爆発,动能爆发
poq.weapon.prefix.4.laser.tooltip,Pulse Annihilator,Аннигилятор пульса,Puls-Annihilator,Annihilateur d'impulsions,Aniquilador de pulsos,Annihilator impulsów,Nabız Yok Edici,Aniquilador de Pulso,펄스 멸망자,パルス完全破壊者,脉冲歼灭者
poq.weapon.prefix.4.toxic.tooltip,Ebonscourge Ashenbinder ,Чёрный бич Пепельного свода,Schwärzendaumen Aschenbinder,Fléau ébène Lien des cendres,Azote de ébano Conector de cenizas,Zgubny czarny więziciel popiołu,Kara Lanet Küllerle Bağlayıcı,Constritor de Cinzas da Praga Ebony,검은 재의 애쉬바인더,エボーンの灰結びつける者,黑暗灾厄灰烬绑定者
poq.weapon.prefix.4.plasma.tooltip,Obliterator,Обелиск,Vernichter,Oblitérateur,Obliterador,Obliteracja,Yok Edici,Obliterador,제거자,消滅者,消灭者
poq.weapon.prefix.4.quasi.tooltip,Crumbling Infinity,Распадающаяся бесконечность,Zerfallende Unendlichkeit,Infini qui s'effondre,Infinito desmoronándose,Krusząca się nieskończoność,Çöken Sonsuzluk,Infinidade Ameaçante,부서지는 무한,崩れる無限,崩溃的无尽
poq.weapon.prefix.4.coldgun.tooltip,Voidchill,Холода пустоты,Leere-Kälte,Frisson du vide,Frío del vacío,Zimno pustki,Boşluk Soğuması,Frio do Vazio,공허한 냉기,虚無の冷気,虚空寒冷
poq.weapon.prefix.4.electric.tooltip,Stormspark,Искра шторма,Sturmfunke,Étincelle de tempête,Chispa de tormenta,Iskra burzy,Fırtına Kıvılcımı,Faísca de Tempestade,폭풍의 번개,嵐の火花,暴风火花
poq.weapon.prefix.4.entropic.tooltip,Devouring Blackhole,Поглощающее черное дыра,Verschlingendes schwarzes Loch,Trou noir dévorant,Agujero negro devorador,Pożerający czarny otwór,Yutan Kara Delik,Buraco Negro Devorador,먹이사슬 블랙홀,飲み込むブラックホール,吞噬黑洞
poq.weapon.prefix.4.launcher.tooltip,Warhead,Боеголовка,Sprengkopf,Tête chercheuse,Cabeza de guerra,Główka pocisku,Savaş Başlığı,Cabeça de Guerra,전투부,戦闘部,弹头
poq.weapon.prefix.5.industrial.tooltip,Oath of the Forge,Клятва кузни,Schwur der Schmiede,Serment de la forge,Juramento de la forja,Przysięga kuźni,Dövme Yemin,Juramento da Forja,대장간의 맹세,鍛冶の誓い,锻造的誓言
poq.weapon.prefix.5.firearm.tooltip,Exterminator’s Oath,Клятва истребителя,Schwur des Exterminators,Serment de l'exterminateur,Juramento del exterminador,Przysięga eksterminatora,Yok Edici Yemin,Juramento do Exterminador,제거자의 맹세,絶滅者の誓い,执行者的誓言
poq.weapon.prefix.5.rail.tooltip,Fragmaster's Friend,Друг мастера фрагментов,Freund des Fragmentmeisters,Ami du maitre des frag,Amigo del maestro de frag,Przyjaciel mistrza kruszyciela,Frag Ustası'nın Arkadaşı,Amigo do Mestre de Fragmentos,프래그 마스터의 친구,フラグマスターの友,破碎大师的朋友
poq.weapon.prefix.5.laser.tooltip,Beam Orion’s Resolve,Решение луча Ориона,Strahl des Orion-Entschlusses,Résolution du faisceau d'Orion,Resolución del haz de Orion,Determinacja promienia Oriona,Işın Orion’un Azmi,Resolução de Feixe Orion,오리온의 결의,ビームオリオンの決意,光束猎户座的决心
poq.weapon.prefix.5.toxic.tooltip,Plaguebringer of Death,Носитель чумы смерти,Plagebringer des Todes,Porteur de peste de la mort,Portador de plagas de la muerte,Niosący plagę śmierci,Ölüm Veba Getireni,Portador da Praga da Morte,죽음의 역병 가져오는 자,死の疫病をもたらす者,死亡的瘟疫带来者
poq.weapon.prefix.5.plasma.tooltip,Apex-Tier Plasmoid,Плазмоид высшего уровня,Spitzenklasse-Plasmoid,Plasmoïde de niveau supérieur,Plasmoide de nivel superior,Plazmoidy najwyższego poziomu,Zirve Düzey Plasmoid,Plasmoide de Nível Apex,최상위 플라스모이드,アペックスティアプラスモイド,顶级等离子体
poq.weapon.prefix.5.quasi.tooltip,Embracing Eternity,Обнимая вечность,Ewigkeit umarmen,Étreindre l'éternité,Abrazando la eternidad,Przytulanie wieczności,Ebediyeti Kucaklama,Abraçando a Eternidade,영원을 포옹하는,永遠を受け入れる,拥抱永恒
poq.weapon.prefix.5.coldgun.tooltip,Frostweaver's Embrace,Объятие ткача холода,Umarmung des Frostwebers,Étreinte du tisseur de gel,Abrazo del tejedor de hielo,Uścisk tkacza mrozu,Buz Dokuyucu'nun Kucaklaması,Abraço do Tecelão de Gelo,얼음 직조자의 포옹,凍気の織り手の抱擁,冰织者的怀抱
poq.weapon.prefix.5.electric.tooltip,Electroflux Maximus,Электрофлюкс максимус,Elektroflux Maximus,Électroflux maximum,Electroflujo máximo,Maksymalny elektroprzepływ,Elektroakış Maksimum,Fluxo Eletromáximo,전류의 최대,最大電流,电流最大化
poq.weapon.prefix.5.entropic.tooltip,Serpentine`s Void,Пустота змеи,Serpentinenleere,Vide serpentin,Vacío serpentino,Pustka wężowa,Yılan Benzerinin Boşluğu,Vazio Serpentino,뱀 모양의 공허,蛇形の虚無,蛇形虚空
poq.weapon.prefix.5.launcher.tooltip,Morbid Doombringer,Ужасный носитель doom,Morbider Untergangsbringer,Porteur de mort morbide,Portador de doom mórbido,Mroczny przynosiciel zagłady,Ölümcül Felaket Getirici,Portador da Morte Macabra,비극적 재앙의 전파자,不気味な破滅を運ぶ者,病态的 doom 使者
poq.weapon.prefix.1.knife.tooltip,Bloodied,Обагрённый,Blutgetränkt,Sanglant,Sangriento,Krwawiący,Kanlı,Manchado de Sangue,핏자국이 난,血の跡のある,血腥的
poq.weapon.prefix.2.knife.tooltip,Whispering,Шёпот,Flüstern,Murmure,Susurrante,Szeptający,Fısıldayan,Sussurrante,속삭이는,ささやく,低语的
poq.weapon.prefix.3.knife.tooltip,Enchanted,Зачарованный,Verzaubert,Enchanté,Encantado,Oczarowany,Büyülenmiş,Encantado,매혹된,魅惑された,被施魔法的
poq.weapon.prefix.4.knife.tooltip,Shattering,Разрушающий,Zerschmetternd,Brisé,Quiebre,Zniszczenie,Parçalayan,Quebrador,산산조각내는,砕く,瓦解的
poq.weapon.prefix.5.knife.tooltip,Infused Knife of Azriel,Инфицированный нож Азриэля,Durchtränkter Azriel-Messer,Couteau imprégné d'Azriel,Cuchillo infundido de Azriel,Nóż infuzowany Azrielem,Azriel'in Enjekte Edilmiş Bıçağı,Faca Infundida de Azriel,아즈리엘의 주입된 칼,アズリエルの注入されたナイフ,阿兹里尔的注入刀
poq.weapon.prefix.1.blade.tooltip,Rusty,Ржавый,Rostig,Rouillé,Oxidado,Zardzewiały,Paslı,Enferrujado,녹슨,錆びた,松锈的
poq.weapon.prefix.2.blade.tooltip,Jagged,Зазубренный,Gezackt,Dentelé,Serrajado,Ząbkowany,Dişli,Serrilhado,톱니 모양의,ギザギザの,锯齿状的
poq.weapon.prefix.3.blade.tooltip,Cursed,Проклятый,Verflucht,Maudit,Maldito,Przeklęty,Lanetli,Maldito,저주받은,呪われた,被诅咒的
poq.weapon.prefix.4.blade.tooltip,Singing,Поющий,Singend,Chantant,Cantante,Śpiewający,Şarkı Söyleyen,Cantante,노래하는,歌う,唱歌的
poq.weapon.prefix.5.blade.tooltip,Fallen Queen's Razor,Лезвие павшей королевы,Rasiermesser der gefallenen Königin,Rasoir de la reine déchue,Aguijón de la reina caída,Żyletka Upadłej Królowej,Düşmüş Kraliçe’nin Jileti,Lâmina da Rainha Caída,떨어진 여왕의 면도기,崩れた女王の剃刀,堕落女王的剃刀
poq.weapon.prefix.1.fist.tooltip,Worn,Изношенный,Abgetragen,Usé,Usado,Noszony,Yıpranmış,Usado,닳은,使い古しの,磨损的
poq.weapon.prefix.2.fist.tooltip,Hollow,Полый,Höhlend,Creux,Hueco,Pusty,Boş,Oco,빈,中が空っぽの,空心的
poq.weapon.prefix.3.fist.tooltip,Tempered,Закаленный,Temperiert,Trempé,Temperado,Utwardzany,Temperlenmiş,Temperado,강화된,硬化された,回火的
poq.weapon.prefix.4.fist.tooltip,Thunderclap Gauntlet,Кулак грозы,Donnerschlag-Handschuh,Gantelet du tonnerre,Guantelete de trueno,Rękawica grzmotu,Gök Gürültüsü Eldiveni,Luva de Estrondo,천둥가락지,雷鳴の手袋,雷霆拳套
poq.weapon.prefix.5.fist.tooltip,Blessed by the Storm,Благословлённый бурей,Vom Sturm gesegnet,Béni par la tempête,Bendecido por la tormenta,Błogosławiony przez burzę,Fırtına tarafından Kutsanmış,Abençoado pela Tempestade,폭풍에 의해 축복받은,嵐に祝福された,被风暴祝福
poq.weapon.prefix.1.club.tooltip,Cracked,Трещина,Rissig,Fissuré,Agrietado,Pęknięty,Çatlamış,Rachado,금이 간,ひび割れた,裂开的
poq.weapon.prefix.2.club.tooltip,Weathered,Изношенный,Verwittert,Érodé,Envejecido,Zniszczony,Hava Koşullarına Dayanıklı,Envelhecido,보풀이 일어난,年月を経た,经风化的
poq.weapon.prefix.3.club.tooltip,Polished,Отполированный,Poliert,Poli,Pulido,Polerowany,Parlatılmış,Polido,다듬어진,磨かれた,抛光的
poq.weapon.prefix.4.club.tooltip,Starlit Flail,Удар звёзд,Sternenlicht-Flegel,Fléau étoilé,Flail iluminado por las estrellas,Flail oświetlony gwiazdami,Yıldız Işığında Zincir Kuluçkası,Flail Iluminado por Estrelas,별빛 금속 줄기,星明りのフレイル,星光钉耙
poq.weapon.prefix.5.club.tooltip,The Abyssal King,Царство бездны,Der abgründige König,Le roi abyssal,El Rey Abisal,Król otchłani,Uçurum Kralı,O Rei Abissal,심연의 왕,深淵の王,深渊之王
poq.weapon.prefix.1.axe.tooltip,Broken,Сломанный,Gebrochen,Cassé,Roto,Złamany,Kırık,Quebrado,부서진,壊れた,破损的
poq.weapon.prefix.2.axe.tooltip,Split,Разделённый,Geteilt,Fendu,Partido,Rozdzielony,Bölünmüş,Dividido,나뉜,分裂した,分裂的
poq.weapon.prefix.3.axe.tooltip,Well Balanced,Хорошо сбалансированный,Gut ausbalanciert,Bien équilibré,Bien equilibrado,Dobrze wyważony,İyi Denge,Bem Equilibrado,잘 균형 잡힌,よくバランスが取れた,平衡良好的
poq.weapon.prefix.4.axe.tooltip,Fireforged,Кузнечно-огненный,Feuergeformt,Forgé par le feu,Forjado por el fuego,Vytwarzany w ogniu,Ateşle Dövme,Forjado pelo Fogo,불로 단련된,火で鍛えられた,火锻造的
poq.weapon.prefix.5.axe.tooltip,Starborn by the Ember,"Звёздный, рожденный Эмбером",Sternengeboren durch die Glut,Né des étoiles par la braise,Nacido entre las estrellas por la brasa,Narodzony ze gwiazd przez żar,Kül ile Yıldız Doğan,Nascido das Centelhas,불꽃에서 태어난 별,炎から生まれた星,由余烬所生的星辰
poq.modconfig.label.enable.tooltip,Enable \ Disable mod. This stops item generation but keep existing items.,"Включить/Отключить мод. Это останавливает генерацию предметов, но сохраняет существующие.","Mod aktivieren/deaktivieren. Dies stoppt die Gegenstandserzeugung, behält aber bestehende Gegenstände bei.",Activer/Désactiver le mod. Cela arrête la génération d'objets mais conserve les objets existants.,Habilitar/Deshabilitar mod. Esto detiene la generación de objetos pero mantiene los objetos existentes.,"Włącz/Wyłącz mod. Zatrzymuje to generowanie przedmiotów, ale zachowuje istniejące.","Modu Etkinleştir/Devre Dışı Bırak. Bu, eşya üretimini durdurur ancak mevcut eşyaları korur.","Ativar/Desativar mod. Isso interrompe a geração de itens, mas mantém os itens existentes.",모드 활성화/비활성화. 아이템 생성을 중지하지만 기존 아이템은 유지합니다.,Modを有効/無効にします。これによりアイテムの生成は停止しますが、既存のアイテムは保持されます。,启用/禁用模组。这将停止物品生成但保留现有物品。
poq.modconfig.label.enable.name,Enable,Включить,Aktivieren,Activer,Habilitar,Włącz,Etkinleştir,Ativar,활성화,有効,启用
poq.modconfig.label.cleanupmode.tooltip,"Cleanup mode. Load game, move all items made by mod to SHIP STORAGE. Save game, enable cleanup, load game, done!","Режим очистки. Загрузите игру, переместите все предметы, созданные модом, в ХРАНИЛИЩЕ КОРАБЛЯ. Сохраните игру, включите очистку, загрузите игру, готово!","Bereinigungsmodus. Spiel laden, alle vom Mod erstellten Gegenstände in den SCHIFFSLAGER bewegen. Spiel speichern, Bereinigung aktivieren, Spiel laden, fertig!","Mode de nettoyage. Chargez la partie, déplacez tous les objets créés par le mod vers le STOCKAGE DU VAISSEAU. Sauvegardez la partie, activez le nettoyage, chargez la partie, terminé !","Modo de limpieza. Carga la partida, mueve todos los objetos creados por el mod al ALMACÉN DE LA NAVE. Guarda la partida, activa la limpieza, carga la partida, ¡listo!","Tryb czyszczenia. Wczytaj grę, przenieś wszystkie przedmioty stworzone przez mod do MAGAZYNU STATKU. Zapisz grę, włącz tryb czyszczenia, wczytaj grę, gotowe!","Temizleme modu. Oyunu yükleyin, mod tarafından oluşturulan tüm öğeleri GEMİ DEPOSU'na taşıyın. Oyunu kaydedin, temizlemeyi etkinleştirin, oyunu yükleyin, bitti!","Modo de limpeza. Carregue o jogo, mova todos os itens feitos pelo mod para o ARMAZENAMENTO DA NAVE. Salve o jogo, ative a limpeza, carregue o jogo, pronto!","정리 모드. 게임을 로드하고, 모드로 생성된 모든 아이템을 함선 보관함으로 옮깁니다. 게임 저장, 정리 활성화, 게임 로드, 완료!",クリーンアップモード。ゲームをロードし、Modによって作成されたすべてのアイテムを船のストレージに移動します。ゲームを保存し、クリーンアップを有効にし、ゲームをロードすれば完了です！,清理模式。加载游戏，将模组生成的所有物品移动到飞船货舱。保存游戏，启用清理模式，加载游戏，完成！
poq.modconfig.label.cleanupmode.name,Clean up mode,Режим очистки,Bereinigungsmodus,Mode de nettoyage,Modo de limpieza,Tryb czyszczenia,Temizleme modu,Modo de limpeza,정리 모드,クリーンアップモード,清理模式
poq.modconfig.label.debugmode.tooltip,Debug log,Журнал отладки,Debug-Protokoll,Journal de débogage,Registro de depuración,Dziennik debugowania,Hata ayıklama günlüğü,Log de depuração,디버그 로그,デバッグログ,调试日志
poq.modconfig.label.debugmode.name,Some debug logs,Некоторые журналы отладки,Einige Debug-Protokolle,Quelques journaux de débogage,Algunos registros de depuración,Kilka dzienników debugowania,Bazı hata ayıklama günlükleri,Aalguns logs de depuração,일부 디버그 로그,いくつかのデバッグログ,一些调试日志
poq.modconfig.label.customweight.tooltip,Use external for item rarity weights,Использовать внешний файл для весов редкости предметов,Externe Datei für die Gewichtung der Gegenstandsseltenheit verwenden,Utiliser un fichier externe pour les poids de rareté des objets,Usar archivo externo para las ponderaciones de rareza de los objetos,Użyj zewnętrznego pliku dla wag rzadkości przedmiotów,Öğe nadirlik ağırlıkları için harici dosya kullan,Usar arquivo externo para os pesos de raridade dos itens,아이템 희귀도 가중치에 외부 파일 사용,アイテムのレアリティの重みに外部ファイルを使用する,使用外部文件来定义物品稀有度权重
poq.modconfig.label.customweight.name,External item rarity file,Внешний файл редкости предметов,Externe Datei für Gegenstandsseltenheit,Fichier externe de rareté des objets,Archivo externo de rareza de objetos,Zewnętrzny plik rzadkości przedmiotów,Harici öğe nadirlik dosyası,Arquivo externo de raridade de itens,외부 아이템 희귀도 파일,外部アイテムレアリティファイル,外部物品稀有度文件
poq.modconfig.label.customweight.path.name,Path to the mod folder:,Путь к папке с модами:,Pfad zum Mod-Ordner:,Chemin du dossier du mod:,Ruta a la carpeta del mod:,Ścieżka do folderu modów:,Mod klasörünün yolu:,Caminho para a pasta do mod:,모드 폴더 경로:,MODフォルダーへのパス:,Mod文件夹路径:
poq.modconfig.label.customweight.path.desc,<color=#FFA726>%AppData%\..\LocalLow\Magnum Scriptum Ltd\Quasimorph_ModConfigs\QM_PathOfQuasimorph\</color>,<color=#FFA726>%AppData%\..\LocalLow\Magnum Scriptum Ltd\Quasimorph_ModConfigs\QM_PathOfQuasimorph\,<color=#FFA726>%AppData%\..\LocalLow\Magnum Scriptum Ltd\Quasimorph_ModConfigs\QM_PathOfQuasimorph\,<color=#FFA726>%AppData%\..\LocalLow\Magnum Scriptum Ltd\Quasimorph_ModConfigs\QM_PathOfQuasimorph\,<color=#FFA726>%AppData%\..\LocalLow\Magnum Scriptum Ltd\Quasimorph_ModConfigs\QM_PathOfQuasimorph\,<color=#FFA726>%AppData%\..\LocalLow\Magnum Scriptum Ltd\Quasimorph_ModConfigs\QM_PathOfQuasimorph\,<color=#FFA726>%AppData%\..\LocalLow\Magnum Scriptum Ltd\Quasimorph_ModConfigs\QM_PathOfQuasimorph\,<color=#FFA726>%AppData%\..\LocalLow\Magnum Scriptum Ltd\Quasimorph_ModConfigs\QM_PathOfQuasimorph\,<color=#FFA726>%AppData%\..\LocalLow\Magnum Scriptum Ltd\Quasimorph_ModConfigs\QM_PathOfQuasimorph\,<color=#FFA726>%AppData%\..\LocalLow\Magnum Scriptum Ltd\Quasimorph_ModConfigs\QM_PathOfQuasimorph\,<color=#FFA726>%AppData%\..\LocalLow\Magnum Scriptum Ltd\Quasimorph_ModConfigs\QM_PathOfQuasimorph\
poq.modconfig.label.customweight.path.tooltip,"Read mod description, you can copy path from there","Прочитайте описание мода, вы можете скопировать путь оттуда","Lesen Sie die Mod-Beschreibung, Sie können den Pfad von dort kopieren","Lisez la description du mod, vous pouvez copier le chemin à partir de là","Lee la descripción del mod, puedes copiar la ruta desde allí","Przeczytaj opis moda, możesz skopiować ścieżkę stamtąd","Mod tanımını okuyun, oradan yolu kopyalayabilirsiniz","Leia a descrição do mod, você pode copiar o caminho de lá",모드 설명을 읽으세요. 거기서 경로를 복사할 수 있습니다.,モッドの説明を読んでください。そこからパスをコピーできます。,阅读mod描述，您可以从那里复制路径。
poq.ui.tooltip.compare,Compare,Сравнить,Vergleichen,Comparer,Comparar,Porównaj,Karşılaştır,Comparar,비교하기,比較する,比较
poq.modconfig.label.enablemobs.tooltip,Enable/Disable Mob Rarity. This stops mob rarity generation.,Включить/Выключить редкость мобов. Это останавливает генерацию редкости мобов.,Mob-Seltenheit aktivieren/deaktivieren. Dies verhindert die Generierung von Mob-Seltenheit.,Activer/Désactiver la rareté des créatures. Cela empêche la génération de rareté des créatures.,Habilitar/Deshabilitar rareza de los mobs. Esto detiene la generación de rareza de los mobs.,Włącz/Wyłącz rzadkość mobów. To zatrzymuje generowanie rzadkości mobów.,"Mob Nadirliğini Etkinleştir/Devre Dışı Bırak. Bu, mob nadirliği üretimini durdurur.",Ativar/Desativar Raridade de Mobs. Isso impede a geração de raridade de mobs.,몬스터 희귀도 활성화/비활성화. 이는 몬스터 희귀도 생성을 중단시킵니다.,モブのレア度を有効化/無効化。これにより、モブのレア度生成が停止します。,启用/禁用怪物稀有度。这会停止怪物稀有度生成。
poq.modconfig.label.enablemobs.name,Enable rare mobs,Включить редких мобов,Seltene Mobs aktivieren,Activer les monstres rares,Habilitar monstruos raros,Włącz rzadkie potwory,Nadir yaratıkları etkinleştir,Habilitar monstros raros,희귀 몬스터 활성화,レアなモブを有効にする,启用稀有怪物
poq.ui.tooltip.unbreakable,Indestructible,Неразрушимый,Unzerstörbar,Indestructible,Indestructible,Niezniszczalny,Yıkılmaz,Indestrutível,파괴불능,破壊不能,坚不可摧
poq.modconfig.label.raritycolor_standard.tooltip,Standard Rarity,Обычное качество,Standard-Qualität,Qualité standard,Calidad estándar,Standardowa rzadkość,Standart Nadirlik,Raridade padrão,일반 희귀도,通常レアリティ,普通稀有度
poq.modconfig.label.raritycolor_enhanced.tooltip,Enhanced Rarity,Улучшенное качество,Verbesserte Qualität,Qualité améliorée,Calidad mejorada,Ulepszona rzadkość,Geliştirilmiş Nadirlik,Raridade melhorada,강화된 희귀도,強化されたレアリティ,增强稀有度
poq.modconfig.label.raritycolor_advanced.tooltip,Advanced Rarity,Продвинутое качество,Fortgeschrittene Qualität,Qualité avancée,Calidad avanzada,Zaawansowana rzadkość,Gelişmiş Nadirlik,Raridade avançada,고급 희귀도,上級レアリティ,高级稀有度
poq.modconfig.label.raritycolor_premium.tooltip,Premium Rarity,Премиум качество,Premium-Qualität,Qualité premium,Calidad premium,Premium rzadkość,Premium Nadirlik,Raridade premium,프리미엄 희귀도,プレミアムレアリティ,优质稀有度
poq.modconfig.label.raritycolor_prototype.tooltip,Prototype Rarity,Прототип качества,Prototyp-Qualität,Qualité prototype,Calidad de prototipo,Prototypowa rzadkość,Prototip Nadirlik,Raridade de protótipo,프로토타입 희귀도,プロトタイプレアリティ,原型稀有度
poq.modconfig.label.raritycolor_quantum.tooltip,Quantum Rarity,Квантовое качество,Quanten-Qualität,Qualité quantique,Calidad cuántica,Kwantowa rzadkość,Kuantum Nadirlik,Raridade quântica,양자 희귀도,量子レアリティ,量子稀有度
poq.modconfig.label.differencecolor_positive.tooltip,Positive Difference,Положительная разница,Positive Differenz,Différence positive,Diferencia positiva,Pozytywna różnica,Pozitif Fark,Diferença positiva,긍정적 차이,正の差,正向差异
poq.modconfig.label.differencecolor_negative.tooltip,Negative Difference,Отрицательная разница,Negative Differenz,Différence négative,Diferencia negativa,Negatywna różnica,Negatif Fark,Diferença negativa,부정적 차이,負の差,负向差异
poq.modconfig.label.differencecolor_equal.tooltip,Equal Difference,Равная разница,Gleichwertige Differenz,Différence égale,Diferencia igual,Równa różnica,Eşit Fark,Diferença igual,동일 차이,等しい差,相等差异
poq.modconfig.label.monstermasterycolors_novice.tooltip,Novice Mastery,Новичок,Anfänger-Meisterschaft,Maîtrise novice,Dominio novato,Nowicjusz,Çıraklık,Domínio iniciante,초보자,初心者,新手
poq.modconfig.label.monstermasterycolors_skilled.tooltip,Skilled Mastery,Умелый,Erfahrener Meister,Maîtrise compétente,Dominio hábil,Umiejętny,Yetenekli,Domínio habilidoso,숙련자,熟練者,熟练
poq.modconfig.label.monstermasterycolors_expert.tooltip,Expert Mastery,Эксперт,Experte,Maîtrise experte,Dominio experto,Ekspert,Uzmanlık,Domínio especialista,전문가,専門家,专家
poq.modconfig.label.monstermasterycolors_grandmaster.tooltip,Grandmaster Mastery,Грандмастер,Großmeister,Grand maître,Gran maestro,Mistrzowie,Ustalık,Grande mestre,그랜드마스터,グランドマスター,大师
poq.modconfig.label.raritycolor_standard.name,Standard,Стандартный,Standard,Standard,Estándar,Standardowy,Standart,Padrão,일반,標準,标准
poq.modconfig.label.raritycolor_enhanced.name,Enhanced,Улучшенный,Verbessert,Amélioré,Mejorado,Ulepszony,Geliştirilmiş,Melhorado,강화,強化,增强
poq.modconfig.label.raritycolor_advanced.name,Advanced,Продвинутый,Fortgeschritten,Avancé,Avanzado,Zaawansowany,Gelişmiş,Avançado,고급,上級,高级
poq.modconfig.label.raritycolor_premium.name,Premium,Премиум,Premium,Premium,Premium,Premium,Premium,Premium,프리미엄,プレミアム,优质
poq.modconfig.label.raritycolor_prototype.name,Prototype,Прототип,Prototyp,Prototype,Prototipo,Prototypowy,Prototip,Protótipo,프로토타입,プロトタイプ,原型
poq.modconfig.label.raritycolor_quantum.name,Quantum,Квантовый,Quanten,Quantique,Cuántico,Kwantowy,Kuantum,Quântico,양자,量子,量子
poq.modconfig.label.differencecolor_positive.name,Positive,Положительный,Positiv,Positif,Positivo,Pozytywny,Pozitif,Positivo,긍정,正,正向
poq.modconfig.label.differencecolor_negative.name,Negative,Отрицательный,Negativ,Négatif,Negativo,Negatywny,Negatif,Negativo,부정,負,负向
poq.modconfig.label.differencecolor_equal.name,Equal,Равный,Gleich,Égal,Igual,Równy,Eşit,Igual,동일,等,相等
poq.modconfig.label.monstermasterycolors_novice.name,Novice,Новичок,Anfänger,Novice,Novato,Nowicjusz,Çırak,Iniciante,초보자,初心者,新手
poq.modconfig.label.monstermasterycolors_skilled.name,Skilled,Умелый,Erfahren,Compétent,Habilidoso,Umiejętny,Yetenekli,Habilidoso,숙련자,熟練者,熟练
poq.modconfig.label.monstermasterycolors_expert.name,Expert,Эксперт,Experte,Expert,Experto,Ekspert,Uzman,Especialista,전문가,専門家,专家
poq.modconfig.label.monstermasterycolors_grandmaster.name,Grandmaster,Грандмастер,Großmeister,Grand Maître,Gran Maestro,Mistrzowie,Usta,Grande Mestre,그랜드마스터,グランドマスター,大师
poq.modconfig.label.raritytomagnumprojects.tooltip,"When items are crafted as Magnum projects (marked with a yellow 'M'), they are processed by the rarity system. This creates new, independent item records, so any changes made to the project stats afterward will no longer affect those items.","При создании предметов как проектов Magnum (отмеченных желтым значком 'M'), они обрабатываются системой редкости. При этом создаются новые, независимые записи предметов, и дальнейшие изменения статов проекта уже не будут влиять на них.","Wenn Gegenstände als Magnum-Projekte erstellt werden (gekennzeichnet mit einem gelben 'M'), werden sie von dem Seltenheitssystem verarbeitet. Dadurch werden neue, unabhängige Gegenstandsdatensätze erstellt, sodass danach vorgenommene Änderungen an den Projektstats diese Gegenstände nicht mehr beeinflussen.","Lorsque des objets sont créés comme projets Magnum (marqués d'un 'M' jaune), ils sont traités par le système de rareté. Cela crée de nouvelles entrées d'objets indépendantes, donc les modifications apportées aux statistiques du projet par la suite n'affecteront plus ces objets.","Cuando los objetos se fabrican como proyectos Magnum (marcados con una 'M' amarilla), son procesados por el sistema de rareza. Esto crea nuevos registros de objetos independientes, por lo que los cambios realizados en las estadísticas del proyecto después ya no afectarán a esos objetos.","Gdy przedmioty są tworzone jako projekty Magnum (oznaczone żółtą literą 'M'), są przetwarzane przez system rzadkości. Powstają wtedy nowe, niezależne rekordy przedmiotów, więc późniejsze zmiany statystyk projektu nie będą już na nie wpływać.","Öğeler, sarı 'M' harfiyle işaretlenmiş Magnum projeleri olarak oluşturulduğunda, bu öğeler nadirlik sistemi tarafından işlenir. Bu işlem, yeni ve bağımsız öğe kayıtları oluşturur; dolayısıyla sonrasında projenin istatistiklerinde yapılan değişiklikler bu öğeleri artık etkilemez.","Quando itens são criados como projetos Magnum (marcados com um 'M' amarelo), eles são processados pelo sistema de raridade. Isso cria novos registros de itens independentes, então quaisquer alterações feitas nas estatísticas do projeto posteriormente não afetarão mais esses itens.","아이템을 매그넘 프로젝트(노란색 'M' 표시)로 제작할 경우, 희귀도 시스템에 의해 처리됩니다. 이는 새로운 독립적인 아이템 기록을 생성하므로 이후 프로젝트 스탯의 변경사항이 해당 아이템에 더 이상 영향을 미치지 않습니다.",マグナムプロジェクト（黄色の'M'マーク付き）として作成されたアイテムはレアリティシステムによって処理されます。これにより新しい独立したアイテム記録が作成されるため、後のプロジェクトのステータス変更はこれらのアイテムに影響しません。,当物品被作为 Magnum 项目（带有黄色'M'标志）制作时，它们会经过稀有度系统的处理。这将生成新的独立物品记录，因此之后对项目属性的修改将不再影响这些物品。
poq.modconfig.label.raritytomagnumprojects.name,Apply Rarity to Magnum Items,Применить редкость к предметам Magnum,Seltenheit auf Magnum-Gegenstände anwenden,Appliquer la rareté aux objets Magnum,Aplicar rareza a los objetos Magnum,Zastosuj rzadkość do przedmiotów Magnum,Nadirliği Magnum öğelerine uygula,Aplicar raridade aos itens Magnum,매그넘 아이템에 희귀도 적용,マグナムアイテムにレアリティを適用,将稀有度应用于 Magnum 物品
ui.context.poq.Synthraform,Synthraform,Synthraform,Synthraform,Synthraform,Synthraform,Synthraform,Synthraform,Synthraform,Synthraform,Synthraform,Synthraform
ui.itemproduction.synthraformers,Synthraformers,Синтраформеры,Synthraformer,Synthraformers,Synthraformers,Synthraformery,Synthraformer'lar,Synthraformers,신트라포머들,シントラフォーマーズ,Synthraformers
ui.itemproduction.synthraformers_poq,Synthraformers PoQ,Синтраформеры PoQ,Synthraformer PoQ,Synthraformers PoQ,Synthraformers PoQ,Synthraformers PoQ,Synthraformer'lar PoQ,Synthraformers PoQ,신트라포머들 PoQ,シントラフォーマーズ PoQ,Synthraformers PoQ
item.synthraformer_poq.shortdesc,Synthraformer Component,Компонент Synthraformer,Synthraformer-Komponente,Composant Synthraformer,Componente Synthraformer,Komponent Synthraformer,Synthraformer Bileşeni,Componente Synthraformer,신트라포머 구성 요소,Synthraformer コンポーネント,Synthraformer 组件
item.synthraformer_poq_0.name,Primal Core,Первичное ядро,Urkern,Noyau primordial,Núcleo primigenio,Pierszowzór rdzeń,İlkel Çekirdek,Núcleo Primordial,원초 코어,プライマルコア,原始核心
item.synthraformer_poq_0.desc,Basic crafting material. Used alone to craft other types or as additional ingredient.,Основной материал для крафта. Используется самостоятельно для создания других типов или как дополнительный ингредиент.,Grundlegendes Handwerksmaterial. Wird alleine zur Herstellung anderer Typen oder als zusätzliche Zutat verwendet.,Matériau de base pour l'artisanat. Utilisé seul pour fabriquer d'autres types ou comme ingrédient supplémentaire.,Material de elaboración básico. Se usa solo para crear otros tipos o como ingrediente adicional.,Podstawowy materiał rzemieślniczy. Używany samodzielnie do tworzenia innych typów lub jako dodatkowy składnik.,Temel zanaat malzemesi. Diğer türleri tek başına oluşturmak veya ek malzeme olarak kullanılır.,Material básico de criação. Usado sozinho para criar outros tipos ou como ingrediente adicional.,기본 제작 재료. 다른 유형을 만들거나 추가 재료로 사용됨.,基本的なクラフト素材。他の種類を単独で作成する場合や追加の材料として使用されます。,基础制作材料。可单独用于制作其他类型，也可作为附加成分使用。
ui.quote.synthraformer_poq_0.quote,A star dies. A new cosmos of stats is born.,Звезда умирает. Рождается новый космос характеристик.,Ein Stern stirbt. Ein neues Universum der Werte entsteht.,Une étoile meurt. Un nouveau cosmos de statistiques naît.,Una estrella muere. Nace un nuevo cosmos de estadísticas.,Gwiazda umiera. Rodzi się nowy kosmos statystyk.,Bir yıldız ölür. Yeni bir istatistik evreni doğar.,Uma estrela morre. Um novo cosmos de estatísticas nasce.,별이 죽는다. 새로운 수치의 우주가 태어난다.,星が死ぬ。新たな統計の宇宙が誕生。,星辰寂灭，统御新宇。
ui.quote.synthraformer_poq_0.quote.nahuatl,Citlālin miquiz. Tōnacāyōtl tlahcuilōlli tlatequitia.,,,,,,,,,,
item.synthraformer_poq_1.name,Rarity Roller,Случайная редкость,Zufällige Seltenheit,Rareté aléatoire,Rareza aleatoria,Losowa rzadkość,Rastgele Nadirlik,Raridade Aleatória,무작위 희귀도,ランダムレアリティ,随机稀有度
item.synthraformer_poq_1.desc,"Rolls a random rarity on item. Higher rarity, higher risk to lose.","Выпадает случайная редкость предмета. Чем выше редкость, тем выше риск потери.","Verwürfelt eine zufällige Seltenheit des Gegenstands. Höhere Seltenheit, höheres Risiko, ihn zu verlieren.","Fait apparaître une rareté aléatoire sur l'objet. Plus la rareté est élevée, plus le risque de la perdre est grand.","Otorga una rareza aleatoria al objeto. Cuanto mayor sea la rareza, mayor será el riesgo de perderlo.","Losuje losowy poziom rzadkości przedmiotu. Im wyższa rzadkość, tym większe ryzyko jej utraty.","Eşyaya rastgele bir nadirlik seviyesi atar. Daha yüksek nadirlik, kaybetme riskini artırır.","Rolagem de raridade aleatória no item. Quanto maior a raridade, maior o risco de perdê-lo.",아이템의 랜덤 희귀도를 결정합니다. 희귀도가 높을수록 잃을 위험이 커집니다.,アイテムの希少度をランダムで決定します。希少度が高いほど、失うリスクも高くなります。,随机生成物品的稀有度。稀有度越高，丢失的风险也越高。
ui.quote.synthraformer_poq_1.quote,"From the heart of the synthetic sun, perfection is forged.",Из сердца синтетического солнца выковывается совершенство.,Aus dem Herzen der künstlichen Sonne wird Perfektion geschmiedet.,"Depuis le cœur du soleil synthétique, la perfection est forgée.","Del corazón del sol sintético, se forja la perfección.",Z serca syntetycznego słońca wykuwana jest doskonałość.,Sentetik güneşin kalbinden mükemmellik dökülür.,"Do coração do sol sintético, a perfeição é forjada.",합성 태양의 심장에서 완벽함이 단련된다.,合成太陽の中心から、完璧が鍛えられる。,自合成之日核心，铸就完美。
ui.quote.synthraformer_poq_1.quote.nahuatl,"In xoxouhqui tōnacāyōtl, in tlahcuilōl tlahcuilolōhua.",,,,,,,,,,
item.synthraformer_poq_2.name,Infuser,,,,,,,,,,
item.synthraformer_poq_2.desc,Ammo - Rolls a random ammo type.,Боеприпасы - Выбирает случайный тип боеприпасов.,Munition - Verwürfelt einen zufälligen Munitionstyp.,Munitions - Fait apparaître un type de munition aléatoire.,Munición - Elige un tipo de munición aleatorio.,Amunicja - Losuje losowy typ amunicji.,Mermi - Rastgele bir mermi türü atar.,Munição - Rolagem de um tipo de munição aleatório.,탄약 - 랜덤 탄약 종류를 결정합니다.,弾薬 - ランダムな弾薬タイプを決定します。,弹药 - 随机生成一种弹药类型。
ui.quote.synthraformer_poq_2.quote,The machine trembles. One glyph shifts.,Машина пробуждается. Один лишь поток изменяется.,Die Maschine regt sich. Ein einzelner Faden verändert sich.,La machine s'éveille. Un seul fil bouge.,La máquina se agita. Un solo hilo cambia.,Maszyna porusza się. Jeden wątek zmienia kierunek.,Makine hareketleniyor. Tek bir iplik kayıyor.,A máquina se mexe. Um único fio se desloca.,기계가 움직인다. 하나의 실이 움직인다.,機械がうごめく。ひと筋の糸が動く。,机器微动，一线偏移。
ui.quote.synthraformer_poq_2.quote.nahuatl,Māquīxti in tīcpāntli. Ōmeyetl in tlahcuilōl.,,,,,,,,,,
item.synthraformer_poq_3.name,Traits Recombinator,Пересборщик черт,Merkmals-Rekombinator,Recombinateur de traits,Recombinador de rasgos,Rekombinator cech,Özellik Yeniden Düzenleyici,Recombinador de Atributos,특성 재조합기,トレイト再構成器,特性重组器
item.synthraformer_poq_3.desc,Recombinates item traits completely by replacing existing ones except ones that belong to it's generic counterpart.,"Полностью пересобирает черты предмета, заменяя все, кроме принадлежащих его базовому аналогу.","Rekombiniert die Gegenstandsmerkmale vollständig, ersetzt alle außer denen, die dem generischen Pendant gehören.","Recombine complètement les traits de l'objet en remplaçant les existants, sauf ceux appartenant à sa version générique.","Recombina completamente los rasgos del objeto reemplazando los existentes, excepto los que pertenecen a su contraparte genérica.","Pełniennie przekształca cechy przedmiotu, zastępując istniejące, z wyjątkiem tych należących do jego podstawowego odpowiednika.",Genel eşdeğerine ait olmayan mevcut özellikleri tamamen değiştirerek eşya özelliklerini yeniden birleştirir.,"Recombina completamente os atributos do item substituindo os existentes, exceto aqueles que pertencem ao seu modelo genérico.","기반 아이템의 고유 특성을 제외하고, 기존의 모든 특성을 완전히 교체하여 재조합합니다.",既存の特性を、汎用対応物に属するものを除いて完全に置き換えることで、再構成します。,完全重组物品特性，替换原有特性，但保留其通用对应物的特性。
ui.quote.synthraformer_poq_3.quote,Synthetic stars reshape destiny.,Синтетические звёзды переформируют судьбу.,Künstliche Sterne formen das Schicksal neu.,Des étoiles synthétiques redessinent le destin.,Estrellas sintéticas moldean el destino.,Sztuczne gwiazdy przekształcają przyszłość.,Sentetik yıldızlar kaderi yeniden şekillendirir.,Estrelas sintéticas remodelam o destino.,합성 별들이 운명을 재구성한다.,合成された星が運命を再構築する。,合成星辰，重塑命途。
ui.quote.synthraformer_poq_3.quote.nahuatl,Xoxouhqui citlalin ixnequi tlapōnōztia īchān.,,,,,,,,,,
item.synthraformer_poq_4.name,Indestructible Activator,Активатор неразрушимости,Unzerstörbarkeits-Aktivator,Activateur d'invulnérabilité,Activador de indestructibilidad,Aktywator niezniszczalności,Aşınmazlık Aktivatörü,Ativador de Indestrutibilidade,무파괴 활성기,無破壊アクティベーター,无毁激活器
item.synthraformer_poq_4.desc,Chance to add indestructible trait on an item.,"Шанс добавить черту ""Неуничтожимый"" к предмету.","Chance, die Eigenschaft ""Unzerstörbar"" zu einem Gegenstand hinzuzufügen.","Probabilité d'ajouter le trait ""Indestructible"" à un objet.","Posibilidad de agregar el rasgo ""Indestructible"" a un objeto.","Szansa na dodanie cechy ""Niszczalność"" do przedmiotu.","Bir eşyaya ""Aşınmaz"" özelliği ekleme şansı.","Chance de adicionar o atributo ""Indestrutível"" a um item.",아이템에 '파괴 불가' 특성을 추가할 확률.,アイテムに「破壊不可」特徴を追加する確率。,有几率为物品添加“不可摧毁”特性。
ui.quote.synthraformer_poq_4.quote,Quetzal-feathered shield—unbroken yet one spark may end it.,"Щит из перьев кетцаль — неразрушим, но одна искра может его погубить.","Ein Schild aus Quetzal-Federn—unzerbrochen, doch ein einziger Funke kann ihn zerstören.","Un bouclier de plumes de quetzal—invulnérable, mais une étincelle peut y mettre fin.","Escudo de plumas quetzal—intacto, aunque una chispa pueda destruirlo.","Tarcza z piór quetzala—niepokonana, ale jedna iskra może ją zniszczyć.","Keçval tüyleriyle kaplı kalkan—kırılmaz, ama tek bir kıvılcım onu sona erdirebilir.","Escudo de penas de quetzal—intacto, mas uma única faísca pode acabar com ele.","케트살 깃털 방패—무너지지 않지만, 한 줌의 불꽃에 멸할 수 있다.",ケツァルの羽根の盾—無傷だが、一つの火花で消えてしまう。,羽盾不毁，一火可焚。
ui.quote.synthraformer_poq_4.quote.nahuatl,Quetzalli chimāntli—mōxtōn ātl tlamiqui.,,,,,,,,,,
item.synthraformer_poq_5.name,Stats Amplifier,Усилитель характеристик,Statistikenverstärker,Amplificateur de statistiques,Amplificador de estadísticas,Wzmacniacz statystyk,İstatistik Kuvvetlendirici,Amplificador de Estatísticas,수치 강화기,ステータス増幅器,属性增幅器
item.synthraformer_poq_5.desc,Changes a random parameter stat on the item based on the synthraformer's rarity class and its corresponding stat boost range. With a chance to have boosted value. Can roll hindered stats aswell. Rarity can be upgraded during crafting.,Изменяет случайную характеристику предмета в зависимости от его редкости и диапазона усиления. С шансом получить повышенное значение. Может выпасть и ухудшенная характеристика.,Ändert einen zufälligen Parameterwert des Gegenstands basierend auf der Seltenheitsklasse und dem zugehörigen Statistik-Boost-Bereich. Mit einer Chance auf erhöhten Wert. Kann auch beeinträchtigte Werte generieren.,Modifie aléatoirement une statistique de l'objet en fonction de sa classe de rareté et de sa plage d'amélioration correspondante. Possibilité d'obtenir une valeur augmentée. Peut également générer des statistiques affaiblies.,Cambia una estadística aleatoria del objeto según su clase de rareza y su rango de mejora correspondiente. Con posibilidad de obtener valor aumentado. Puede generar estadísticas perjudicadas también.,Zmienia losową statystykę przedmiotu na podstawie klasy rzadkości i odpowiedniego zakresu wzmocnienia. Istnieje szansa na wartość wzmocnioną. Może również wygenerować pomniejszone statystyki.,Eşyanın nadir sınıfına ve buna karşılık gelen istatistik artırım aralığına göre rastgele bir parametre istatistiğini değiştirir. Artırılmış değer çıkma şansı vardır. Engellenmiş istatistikler de gelebilir.,Altera uma estatística aleatória do item com base na classe de raridade do item e seu intervalo de aumento correspondente. Com chance de ter valor aumentado. Pode gerar estatísticas prejudicadas também.,"아이템의 희귀도 등급과 해당하는 수치 강화 범위에 따라 랜덤한 능력치를 변경합니다. 강화된 수치가 나올 가능성도 있으며, 약화된 수치도 나올 수 있습니다.",アイテムのレアリティクラスと対応するステータスブースト範囲に基づき、ランダムなパラメータを変更します。強化値が出る可能性があります。妨げられたステータスが出ることもあります。,根据物品稀有度等级及其对应的属性增强范围，随机改变一项参数。有一定几率获得强化数值。也可能生成削弱属性。
ui.quote.synthraformer_poq_5.quote,"From void-born starlight, a new essence emerges.",Из рождённого пустотой звёздного света возникает новая сущность.,Aus dem aus dem Nichts geborenen Sternenlicht entsteht eine neue Essenz.,"De la lumière stellaire née du vide, une nouvelle essence émerge.","De la luz estelar nacida del vacío, emerge una nueva esencia.",Z gwiazdowego blasku narodzonego z niczego rodzi się nowa istota.,Boşluktan doğan yıldız ışığında yeni bir öz ortaya çıkar.,"Da luz estelar nascida do vazio, uma nova essência emerge.",공허에서 태어난 별빛 속에서 새로운 본질이 드러난다.,虚無から生まれた星明かりから、新たな本質が現れる。,自虚无星辉，诞生意质。
ui.quote.synthraformer_poq_5.quote.nahuatl,"In quetzalpopocān, in tōnacāyōtl tlatequitia.",,,,,,,,,,
item.synthraformer_poq_6.name,Transmuter,,,,,,,,,,
item.synthraformer_poq_6.desc,Ammo - Rolls a random damage type.,Боеприпасы - Выбирает случайный тип урона.,Munition - Verwürfelt einen zufälligen SchadensTyp.,Munitions - Fait apparaître un type de dégâts aléatoire.,Munición - Elige un tipo de daño aleatorio.,Amunicja - Losuje losowy typ obrażeń.,Mermi - Rastgele bir hasar türü atar.,Munição - Rolagem de um tipo de dano aleatório.,탄약 - 랜덤 피해 유형을 결정합니다.,弾薬 - ランダムなダメージタイプを決定します。,弹药 - 随机生成一种伤害类型。
ui.quote.synthraformer_poq_6.quote,The stat is reborn in electric fire—stronger than before.,Характеристика возрождается в электрическом огне — сильнее прежнего.,Der Wert wird im elektrischen Feuer wiedergeboren—stärker als zuvor.,La statistique renaît dans le feu électrique—plus puissante qu'auparavant.,La estadística renace en fuego eléctrico—más fuerte que antes.,Statystyka rodzi się na nowo w ogniu elektrycznym—silniejsza niż kiedykolwiek.,İstatistik elektrikli ateşte yeniden doğar—daha öncekinden güçlü.,A estatística renasce no fogo elétrico—mais forte do que antes.,수치는 전기의 불속에서 재탄생한다—이전보다 강력하게.,数値は電気の炎の中で再生する—前よりも強大に。,数值于电火中重生，强于往昔。
ui.quote.synthraformer_poq_6.quote.nahuatl,"Tlatequitia in tlahcuilōl in tletlācah, miquiz in tlahcuilōl.",,,,,,,,,,
item.synthraformer_poq_7.name,Augmentation Catalyst,Катализатор усиления,Katalysator für Erweiterungen,Catalyseur d'amélioration,Catalizador de aumento,Katalizator wzmocnienia,Gelişim Katalizörü,Catalisador de Aprimoramento,증강 촉매제,増強触媒,增效催化剂
item.synthraformer_poq_7.desc,Adds a random positive or negative stat to the augmentation. The item is consumed even if the stat is already present.,Добавляет случайную положительную или отрицательную характеристику к усилению. Предмет расходуется даже при наличии такой характеристики.,"Fügt der Erweiterung einen zufälligen positiven oder negativen Wert hinzu. Das Item wird verbraucht, auch wenn der Wert bereits vorhanden ist.",Ajoute une statistique aléatoire positive ou négative à l'amélioration. L'objet est consommé même si la statistique existe déjà.,Añade una estadística aleatoria positiva o negativa al aumento. El objeto se consume incluso si la estadística ya está presente.,Dodaje losową statystykę dodatnią lub ujemną do wzmocnienia. Przedmiot jest zużywany nawet jeśli statystyka już istnieje.,Geliştirmeye rastgele pozitif veya negatif bir istatistik ekler. İstatistik zaten varsa bile eşya kullanılır.,Adiciona uma estatística aleatória positiva ou negativa ao aprimoramento. O item é consumido mesmo que a estatística já esteja presente.,증강에 무작위로 긍정적 또는 부정적인 수치를 추가합니다. 해당 수치가 이미 있어도 아이템은 소모됩니다.,増強にランダムなプラスまたはマイナスのステータスを追加します。ステータスが既に存在していても、アイテムは消費されます。,为增效模块随机添加正向或负向属性。即使该属性已存在，也会消耗此物品。
ui.quote.synthraformer_poq_7.quote,The star offers power—but not all gifts are blessings.,Звезда дарует силу — но не все дары являются благословением.,Der Stern bietet Macht — doch nicht alle Gaben sind Segen.,L'étoile offre le pouvoir — mais tous les dons ne sont pas des bénédictions.,La estrella ofrece poder — pero no todos los regalos son bendiciones.,Gwiazda oferuje moc — ale nie każdy dar to błogosławieństwo.,Yıldız güç sunar — ancak tüm hediyeler bereket değildir.,A estrela oferece poder — mas nem todos os dons são bênçãos.,별이 힘을 준다 — 그러나 모든 선물이 축복인 것은 아니다.,星は力を与える — だがすべての贈り物が祝福とは限らない。,星辰赐予力量——然非所有馈赠皆为祝福。
ui.quote.synthraformer_poq_7.quote.nahuatl,Citlālin tiquīztia telpōcalli—āquinon tlācah mācuīlli.,,,,,,,,,,
item.synthraformer_poq_8.name,Azure,,,,,,,,,,
item.synthraformer_poq_8.desc,Ammo - Rolls a random ballistic type.,Боеприпасы - Выбирает случайный баллистический тип.,Munition - Verwürfelt einen zufälligen ballistischen Typ.,Munitions - Fait apparaître un type balistique aléatoire.,Munición - Elige un tipo balístico aleatorio.,Amunicja - Losuje losowy typ balistyczny.,Mermi - Rastgele bir balistik tür atar.,Munição - Rolagem de um tipo balístico aleatório.,탄약 - 랜덤 탄도 유형을 결정합니다.,弾薬 - ランダムな弾道タイプを決定します。,弹药 - 随机生成一种弹道类型。
ui.quote.synthraformer_poq_8.quote,The quantum weave unravels fate—stats are no longer bound.,Квантовая ткань расплетает судьбу — характеристики больше не ограничены.,Das Quantengewebe entwirrt das Schicksal—Werte sind nicht länger gebunden.,La trame quantique défait le destin—les statistiques ne sont plus limitées.,La trama cuántica deshace el destino—las estadísticas ya no están atadas.,Kwantowa tkanina rozplata przyszłość—statystyki nie są już ograniczone.,Kuantum dokusu kaderi çözüyor—istatistikler artık bağlı değil.,A trama quântica desfaz o destino—estatísticas não estão mais limitadas.,양자 실이 운명을 풀어낸다—수치는 더 이상 얽히지 않는다.,量子の織りが運命を解く—数値はもはや束縛されない。,量子织网，解构命运，数值再无束缚。
ui.quote.synthraformer_poq_8.quote.nahuatl,"In quetzalpopocān, in tlahcuilōl miquiz, tlapōnalōlia.",,,,,,,,,,
ui.quote.synthraformer_poq_2_enhanced.quote_UNUSED,The code blooms—like a flower under starlight.,Код расцветает — как цветок под светом звёзд.,Der Code blüht auf—wie eine Blume im Sternenlicht.,Le code fleurit—comme une fleur sous la lumière des étoiles.,El código florece—como una flor bajo la luz estelar.,Kod kwitnie—jak kwiat w blasku gwiazd.,"Kod, yıldız ışığında bir çiçek gibi açılır.",O código floresce—como uma flor sob a luz das estrelas.,코드가 피어난다—별빛 아래 꽃처럼.,コードが開花する—星明かりの中の花のように。,代码绽放，如星辉下的花朵。
ui.quote.synthraformer_poq_2_enhanced.quote.nahuatl_UNUSED,"Xōchitl noyōlōhua in ilhuicatl, noyōlox in tletl.",,,,,,,,,,
poq.ammotype.label.tooltip,Ammo Type,Тип боеприпасов,Munitionstyp,Type de munition,Tipo de munición,Typ amunicji,Mühimmat Türü,Tipo de munição,탄약 유형,弾薬タイプ,弹药类型
poq.damagetype.label.tooltip,Damage Type,Тип урона,Schadensart,Type de dégâts,Tipo de daño,Typ obrażeń,Hasar Türü,Tipo de Dano,피해 유형,ダメージタイプ,伤害类型
poq.ballistictype.label.tooltip,Ballistic Type,Баллистический тип,Ballistischer Typ,Type balistique,Tipo balístico,Typ balistyczny,Balistik Tip,Tipo Balístico,발사체 유형,弾道タイプ,弹道类型
